Month Number,Total amount of interest,Remaining loan/n0,150.0,1950.0
1,287.5,1787.5
2,411.4583333333333,1611.4583333333333
3,520.7465277777777,1420.7465277777776
4,614.1420717592591,1214.1420717592591
5,690.3205777391973,990.3205777391973
6,747.8472925507971,747.8472925507971
7,785.1679002633635,485.1679002633635
8,800.5985586186439,200.59855861864378
9,792.3151051701975,-107.68489482980257
